[
    {
        "name": "Uniswap: 0xBitcoin Token",
        "type": "uniswap",
        "reserveTokenAddress": "0xB6eD7644C69416d67B522e20bC294A9a9B405B31",
        "reserveTokenUuid": "06ae8449-3582-5977-84e9-e45447325c17",
        "reserveTokenDecimals": 8,
        "poolTokenAddress": "0x701564Aa6E26816147D4fa211a0779F1B774Bb9B",
        "poolTokenUuid": "870be09a-55f5-56de-be20-9937050f2572",
        "poolTokenDecimals": 18
    },
    {
        "name": "Uniswap: Aave Interest bearing DAI",
        "type": "uniswap",
        "reserveTokenAddress": "0xfC1E690f61EFd961294b3e1Ce3313fBD8aa4f85d",
        "reserveTokenUuid": "9454eb02-dda1-53d1-85f0-f6faa6c89267",
        "reserveTokenDecimals": 18,
        "poolTokenAddress": "0x7cfab87AaC0899c093235b342AC0e5B1ACF159EB",
        "poolTokenUuid": "50b83702-2652-5e12-8585-cd8014641b74",
        "poolTokenDecimals": 18
    },
    {
        "name": "Uniswap: Amon",
        "type": "uniswap",
        "reserveTokenAddress": "0x737F98AC8cA59f2C68aD658E3C3d8C8963E40a4c",
        "reserveTokenUuid": "432d8898-ad05-5f2b-a731-2aa7865943a4",
        "reserveTokenDecimals": 18,
        "poolTokenAddress": "0xE6C198d27a5B71144B40cFa2362ae3166728e0C8",
        "poolTokenUuid": "528a02b4-c426-576c-9326-19939a3b2714",
        "poolTokenDecimals": 18
    },
    {
        "name": "Uniswap: Ampleforth",
        "type": "uniswap",
        "reserveTokenAddress": "0xD46bA6D942050d489DBd938a2C909A5d5039A161",
        "reserveTokenUuid": "5f82a198-c58b-5fce-8973-42c818ccb05f",
        "reserveTokenDecimals": 9,
        "poolTokenAddress": "0x042dBBDc27F75d277C3D99efE327DB21Bc4fde75",
        "poolTokenUuid": "a2c4fca6-ec18-55e2-96d8-fd8c8e9ae813",
        "poolTokenDecimals": 18
    },
    {
        "name": "Uniswap: Aragon Network Token",
        "type": "uniswap",
        "reserveTokenAddress": "0x960b236A07cf122663c4303350609A66A7B288C0",
        "reserveTokenUuid": "7f4d2f19-9a76-5930-b63b-ac9b0afe6201",
        "reserveTokenDecimals": 18,
        "poolTokenAddress": "0x077d52B047735976dfdA76feF74d4d988AC25196",
        "poolTokenUuid": "0cbb8ae5-f084-5bc8-9d95-9efaf7e36dba",
        "poolTokenDecimals": 18
    },
    {
        "name": "Uniswap: Basic Attention Token",
        "type": "uniswap",
        "reserveTokenAddress": "0x0D8775F648430679A709E98d2b0Cb6250d2887EF",
        "reserveTokenUuid": "e34bb9ff-47be-503b-956b-30d4b3f3507b",
        "reserveTokenDecimals": 18,
        "poolTokenAddress": "0x2E642b8D59B45a1D8c5aEf716A84FF44ea665914",
        "poolTokenUuid": "59c11c4d-e32c-55a2-b4c7-1f5ca5b4f0ba",
        "poolTokenDecimals": 18
    },
    {
        "name": "Uniswap: Bloom Token",
        "type": "uniswap",
        "reserveTokenAddress": "0x107c4504cd79C5d2696Ea0030a8dD4e92601B82e",
        "reserveTokenUuid": "65e92849-dc9f-541a-a548-335e10299120",
        "reserveTokenDecimals": 18,
        "poolTokenAddress": "0x0E6A53B13688018A3df8C69f99aFB19A3068D04f",
        "poolTokenUuid": "73165fb5-4b61-59ed-82a7-baf8420c7bda",
        "poolTokenDecimals": 18
    },
    {
        "name": "Uniswap: Bancor Network Token",
        "type": "uniswap",
        "reserveTokenAddress": "0x1F573D6Fb3F13d689FF844B4cE37794d79a7FF1C",
        "reserveTokenUuid": "778541d2-65e6-5c57-b083-aa3129eb91c8",
        "reserveTokenDecimals": 18,
        "poolTokenAddress": "0x87d80DBD37E551F58680B4217b23aF6a752DA83F",
        "poolTokenUuid": "0fd4fd95-c227-5ad7-b757-e3936263f466",
        "poolTokenDecimals": 18
    },
    {
        "name": "Uniswap: Crypto20",
        "type": "uniswap",
        "reserveTokenAddress": "0x26E75307Fc0C021472fEb8F727839531F112f317",
        "reserveTokenUuid": "d4a935c9-92ba-5e8d-b66f-c19e704b0c8a",
        "reserveTokenDecimals": 18,
        "poolTokenAddress": "0xF7B5A4b934658025390ff69dB302BC7F2AC4a542",
        "poolTokenUuid": "4ce970a1-2f8d-5d83-9c6f-532d568ec254",
        "poolTokenDecimals": 18
    },
    {
        "name": "Uniswap: CelerToken",
        "type": "uniswap",
        "reserveTokenAddress": "0x4F9254C83EB525f9FCf346490bbb3ed28a81C667",
        "reserveTokenUuid": "710be2c3-3d37-5f00-9f9c-367e3ba3aa05",
        "reserveTokenDecimals": 18,
        "poolTokenAddress": "0x1e3740A030AF8c755c888a0ee83aC9E79e09f4F1",
        "poolTokenUuid": "1391f2f1-c924-55b4-83e8-b7af95c40c3d",
        "poolTokenDecimals": 18
    },
    {
        "name": "Uniswap: Compound Sai",
        "type": "uniswap",
        "reserveTokenAddress": "0xF5DCe57282A584D2746FaF1593d3121Fcac444dC",
        "reserveTokenUuid": "350c0d6f-a0eb-504e-9a8c-43a4d5966fc3",
        "reserveTokenDecimals": 8,
        "poolTokenAddress": "0x45A2FDfED7F7a2c791fb1bdF6075b83faD821ddE",
        "poolTokenUuid": "fb27dbbc-fdfe-5c68-9db9-be4371ee2543",
        "poolTokenDecimals": 18
    },
    {
        "name": "Uniswap: Compound Dai",
        "type": "uniswap",
        "reserveTokenAddress": "0x5d3a536E4D6DbD6114cc1Ead35777bAB948E3643",
        "reserveTokenUuid": "a9cc6884-14bd-53b6-abcd-f9b56b60463d",
        "reserveTokenDecimals": 8,
        "poolTokenAddress": "0x34E89740adF97C3A9D3f63Cc2cE4a914382c230b",
        "poolTokenUuid": "cf3aa546-dad1-51e8-ba3f-59934e6af29d",
        "poolTokenDecimals": 18
    },
    {
        "name": "Uniswap: Chai",
        "type": "uniswap",
        "reserveTokenAddress": "0x06AF07097C9Eeb7fD685c692751D5C66dB49c215",
        "reserveTokenUuid": "3dca14ba-da4f-5734-a0a0-a50bb2f0dc6c",
        "reserveTokenDecimals": 18,
        "poolTokenAddress": "0x6C3942B383bc3d0efd3F36eFa1CBE7C8E12C8A2B",
        "poolTokenUuid": "70fe83de-5c6d-5f96-9d90-0889a7559e40",
        "poolTokenDecimals": 18
    },
    {
        "name": "Uniswap: Civic",
        "type": "uniswap",
        "reserveTokenAddress": "0x41e5560054824eA6B0732E656E3Ad64E20e94E45",
        "reserveTokenUuid": "0c7a799d-c135-5ce5-ae37-b5d960510a18",
        "reserveTokenDecimals": 8,
        "poolTokenAddress": "0x1C6c712b1F4a7c263B1DBd8F97fb447c945d3b9a",
        "poolTokenUuid": "f34348a9-47a3-5d0f-8623-e093ae5beba2",
        "poolTokenDecimals": 18
    },
    {
        "name": "Uniswap: Dai Stablecoin v1.0 (SAI)",
        "type": "uniswap",
        "reserveTokenAddress": "0x89d24A6b4CcB1B6fAA2625fE562bDD9a23260359",
        "reserveTokenUuid": "53306efd-fb16-5e9a-b6d0-fc0e9713da40",
        "reserveTokenDecimals": 18,
        "poolTokenAddress": "0x09cabEC1eAd1c0Ba254B09efb3EE13841712bE14",
        "poolTokenUuid": "459a37b4-ad23-5c2b-8030-031eeff78453",
        "poolTokenDecimals": 18
    },
    {
        "name": "Uniswap: Dai Stablecoin",
        "type": "uniswap",
        "reserveTokenAddress": "0x6B175474E89094C44Da98b954EedeAC495271d0F",
        "reserveTokenUuid": "e1f698bf-cb85-5405-b563-14774af14bf1",
        "reserveTokenDecimals": 18,
        "poolTokenAddress": "0x2a1530C4C41db0B0b2bB646CB5Eb1A67b7158667",
        "poolTokenUuid": "2b7a4d65-9c40-5c21-96eb-f7d380a4dc87",
        "poolTokenDecimals": 18
    },
    {
        "name": "Uniswap: Streamr DATAcoin",
        "type": "uniswap",
        "reserveTokenAddress": "0x0Cf0Ee63788A0849fE5297F3407f701E122cC023",
        "reserveTokenUuid": "b4ebfad5-090f-534e-aa26-e77035adc0fc",
        "reserveTokenDecimals": 18,
        "poolTokenAddress": "0x4F0d6E2179938828CfF93dA40a8BA1Df7519Ca8C",
        "poolTokenUuid": "d08f92cc-4121-5351-a43e-8b441b3ebe18",
        "poolTokenDecimals": 18
    },
    {
        "name": "Uniswap: DigixDAO",
        "type": "uniswap",
        "reserveTokenAddress": "0xE0B7927c4aF23765Cb51314A0E0521A9645F0E2A",
        "reserveTokenUuid": "d06a2375-0c17-52a5-9bb4-c03399abf407",
        "reserveTokenDecimals": 9,
        "poolTokenAddress": "0xD55C1cA9F5992A2e5E379DCe49Abf24294ABe055",
        "poolTokenUuid": "433ace33-756b-508e-9e52-b8b9abe39752",
        "poolTokenDecimals": 18
    },
    {
        "name": "Uniswap: Digix Gold Token",
        "type": "uniswap",
        "reserveTokenAddress": "0x4f3AfEC4E5a3F2A6a1A411DEF7D7dFe50eE057bF",
        "reserveTokenUuid": "238fd921-e8d8-5ce9-88ae-54e01c7dbfb5",
        "reserveTokenDecimals": 9,
        "poolTokenAddress": "0xb92dE8B30584392Af27726D5ce04Ef3c4e5c9924",
        "poolTokenUuid": "180a5aee-0bc3-5737-9127-e9306446fd2f",
        "poolTokenDecimals": 18
    },
    {
        "name": "Uniswap: Decentralized Insurance Protocol",
        "type": "uniswap",
        "reserveTokenAddress": "0xc719d010B63E5bbF2C0551872CD5316ED26AcD83",
        "reserveTokenUuid": "66e28eb6-b405-5440-a277-bd4450f94537",
        "reserveTokenDecimals": 18,
        "poolTokenAddress": "0x61792F290e5100FBBcBb2309F03A1Bab869fb850",
        "poolTokenUuid": "8cd31622-b42d-5e6f-8cbe-bc637efa912d",
        "poolTokenDecimals": 18
    },
    {
        "name": "Uniswap: Donut",
        "type": "uniswap",
        "reserveTokenAddress": "0xC0F9bD5Fa5698B6505F643900FFA515Ea5dF54A9",
        "reserveTokenUuid": "34eeb9ed-4225-515b-9cb1-d93fd16d78c2",
        "reserveTokenDecimals": 18,
        "poolTokenAddress": "0xD552119eD44EC8Fa8f87c568769C67Bd02B5b3FB",
        "poolTokenUuid": "609a348b-133a-50d3-a497-474137add6da",
        "poolTokenDecimals": 18
    },
    {
        "name": "Uniswap: Enjin Coin",
        "type": "uniswap",
        "reserveTokenAddress": "0xF629cBd94d3791C9250152BD8dfBDF380E2a3B9c",
        "reserveTokenUuid": "ebc2c6b4-0e52-5a81-8255-4a0671cbccaa",
        "reserveTokenDecimals": 18,
        "poolTokenAddress": "0xb99A23b1a4585fc56d0EC3B76528C27cAd427473",
        "poolTokenUuid": "9820d87f-14c5-5d85-9e6e-a9d0364fe231",
        "poolTokenDecimals": 18
    },
    {
        "name": "Uniswap: SAINT FAME: Genesis Shirt",
        "type": "uniswap",
        "reserveTokenAddress": "0x06f65b8CfCb13a9FE37d836fE9708dA38Ecb29B2",
        "reserveTokenUuid": "982a5701-8e78-57e9-bd3e-a070479286ed",
        "reserveTokenDecimals": 18,
        "poolTokenAddress": "0x5e7907aC70b9a781365c72F2acEE96710bdA042e",
        "poolTokenUuid": "21e70510-5492-512b-95e1-72348b4a1a6d",
        "poolTokenDecimals": 18
    },
    {
        "name": "Uniswap: FOAM Token",
        "type": "uniswap",
        "reserveTokenAddress": "0x4946Fcea7C692606e8908002e55A582af44AC121",
        "reserveTokenUuid": "a4df4d34-0598-5bbf-9d24-21dea629ea12",
        "reserveTokenDecimals": 18,
        "poolTokenAddress": "0xf79cb3BEA83BD502737586A6E8B133c378FD1fF2",
        "poolTokenUuid": "ad4988d0-ade1-5d4d-8143-c9dde2ed140d",
        "poolTokenDecimals": 18
    },
    {
        "name": "Uniswap: FunFair",
        "type": "uniswap",
        "reserveTokenAddress": "0x419D0d8BdD9aF5e606Ae2232ed285Aff190E711b",
        "reserveTokenUuid": "6c1747fa-b66f-5841-ad86-fbc5279ab5db",
        "reserveTokenDecimals": 8,
        "poolTokenAddress": "0x60a87cC7Fca7E53867facB79DA73181B1bB4238B",
        "poolTokenUuid": "c90bcfa5-9b23-5add-bfa6-98cc0919eda5",
        "poolTokenDecimals": 18
    },
    {
        "name": "Uniswap: DAOstack",
        "type": "uniswap",
        "reserveTokenAddress": "0x543Ff227F64Aa17eA132Bf9886cAb5DB55DCAddf",
        "reserveTokenUuid": "3cb0bb0a-17db-5453-b99f-f0de3dfc5d4a",
        "reserveTokenDecimals": 18,
        "poolTokenAddress": "0x26Cc0EAb6Cb650B0Db4D0d0dA8cB5BF69F4ad692",
        "poolTokenUuid": "f0933b0f-5410-5338-8979-df335beb3b62",
        "poolTokenDecimals": 18
    },
    {
        "name": "Uniswap: Gnosis Token",
        "type": "uniswap",
        "reserveTokenAddress": "0x6810e776880C02933D47DB1b9fc05908e5386b96",
        "reserveTokenUuid": "3d10c6ef-249c-525a-8725-d7e7b7495948",
        "reserveTokenDecimals": 18,
        "poolTokenAddress": "0xe8e45431b93215566BA923a7E611B7342Ea954DF",
        "poolTokenUuid": "f2d08ecc-d32c-5fae-8002-c477a47d632d",
        "poolTokenDecimals": 18
    },
    {
        "name": "Uniswap: GRID Token",
        "type": "uniswap",
        "reserveTokenAddress": "0x12B19D3e2ccc14Da04FAe33e63652ce469b3F2FD",
        "reserveTokenUuid": "1d8a2b3b-12c9-5fef-8e46-68ce1092afe8",
        "reserveTokenDecimals": 12,
        "poolTokenAddress": "0x4B17685b330307C751B47f33890c8398dF4Fe407",
        "poolTokenUuid": "74c77aac-bc10-55d3-9462-89644149b819",
        "poolTokenDecimals": 18
    },
    {
        "name": "Uniswap: Gastoken.io",
        "type": "uniswap",
        "reserveTokenAddress": "0x0000000000b3F879cb30FE243b4Dfee438691c04",
        "reserveTokenUuid": "dd2fcf4c-a6bd-5f51-92a0-0912394bc2c7",
        "reserveTokenDecimals": 2,
        "poolTokenAddress": "0x929507CD3D90Ab11eC4822E9eB5A48eb3a178F19",
        "poolTokenUuid": "ef9be964-a40a-5000-9c72-43ddaebcec2f",
        "poolTokenDecimals": 18
    },
    {
        "name": "Uniswap: Fulcrum DAI iToken ",
        "type": "uniswap",
        "reserveTokenAddress": "0x493C57C4763932315A328269E1ADaD09653B9081",
        "reserveTokenUuid": "14c6fcd7-1309-5d31-9ba5-6058cb9057b0",
        "reserveTokenDecimals": 18,
        "poolTokenAddress": "0x3E0349F5D38414008B9Bb1907ea422739BE7CD4C",
        "poolTokenUuid": "7f1a87d4-7f88-5fcc-a9cc-db9fa947cf02",
        "poolTokenDecimals": 18
    },
    {
        "name": "Uniswap: Fulcrum SAI iToken ",
        "type": "uniswap",
        "reserveTokenAddress": "0x14094949152EDDBFcd073717200DA82fEd8dC960",
        "reserveTokenUuid": "3c348242-f1b8-5372-8b2a-5a862d7205c4",
        "reserveTokenDecimals": 18,
        "poolTokenAddress": "0x81eeD7F1EcbD7FA9978fcc7584296Fb0C215Dc5C",
        "poolTokenUuid": "021ce881-6817-55b1-a92c-ee824b5646b5",
        "poolTokenDecimals": 18
    },
    {
        "name": "Uniswap: The Tokenized Bitcoin",
        "type": "uniswap",
        "reserveTokenAddress": "0x3212b29E33587A00FB1C83346f5dBFA69A458923",
        "reserveTokenUuid": "7993794d-4f07-5596-825d-7d1c8a699f50",
        "reserveTokenDecimals": 8,
        "poolTokenAddress": "0xFFcf45b540e6C9F094Ae656D2e34aD11cdfdb187",
        "poolTokenUuid": "4eb699dc-5dce-502d-9a23-194a58aa1450",
        "poolTokenDecimals": 18
    },
    {
        "name": "Uniswap: IoTeX Network",
        "type": "uniswap",
        "reserveTokenAddress": "0x6fB3e0A217407EFFf7Ca062D46c26E5d60a14d69",
        "reserveTokenUuid": "97ae2210-28d0-5dec-a58b-5b90658fc3c1",
        "reserveTokenDecimals": 18,
        "poolTokenAddress": "0x084f002671a5f03D5498B1e5fb15fc0cfee9a470",
        "poolTokenUuid": "72039d77-81a0-5f22-bb92-548923298b10",
        "poolTokenDecimals": 18
    },
    {
        "name": "Uniswap: Kin",
        "type": "uniswap",
        "reserveTokenAddress": "0x818Fc6C2Ec5986bc6E2CBf00939d90556aB12ce5",
        "reserveTokenUuid": "77545d72-6e82-5169-a2b4-c1f23ee212aa",
        "reserveTokenDecimals": 18,
        "poolTokenAddress": "0xb7520a5F8c832c573d6BD0Df955fC5c9b72400F7",
        "poolTokenUuid": "106732d8-b1ab-5515-816b-b165ed129dd3",
        "poolTokenDecimals": 18
    },
    {
        "name": "Uniswap: Kyber Network Crystal",
        "type": "uniswap",
        "reserveTokenAddress": "0xdd974D5C2e2928deA5F71b9825b8b646686BD200",
        "reserveTokenUuid": "8138f106-9d3a-5b37-9e0e-ad48e9ee2109",
        "reserveTokenDecimals": 18,
        "poolTokenAddress": "0x49c4f9bc14884f6210F28342ceD592A633801a8b",
        "poolTokenUuid": "97a7bed6-0d39-57bf-a5ac-17c7adfa709b",
        "poolTokenDecimals": 18
    },
    {
        "name": "Uniswap: ChainLink Token",
        "type": "uniswap",
        "reserveTokenAddress": "0x514910771AF9Ca656af840dff83E8264EcF986CA",
        "reserveTokenUuid": "c0ae47d5-f020-5ea8-9886-522d3af70845",
        "reserveTokenDecimals": 18,
        "poolTokenAddress": "0xF173214C720f58E03e194085B1DB28B50aCDeeaD",
        "poolTokenUuid": "e729efdf-fab2-518e-b07f-0cff165cf304",
        "poolTokenDecimals": 18
    },
    {
        "name": "Uniswap: HoloToken",
        "type": "uniswap",
        "reserveTokenAddress": "0x6c6EE5e31d828De241282B9606C8e98Ea48526E2",
        "reserveTokenUuid": "8d0d2e0e-d592-5ad1-a194-6c497ed44c1b",
        "reserveTokenDecimals": 18,
        "poolTokenAddress": "0xd4777E164c6C683E10593E08760B803D58529a8E",
        "poolTokenUuid": "95b8e380-2c43-5a0a-ac3a-39241476c959",
        "poolTokenDecimals": 18
    },
    {
        "name": "Uniswap: LoopringCoin V2",
        "type": "uniswap",
        "reserveTokenAddress": "0xBBbbCA6A901c926F240b89EacB641d8Aec7AEafD",
        "reserveTokenUuid": "7bd0761b-df34-5f0d-ac6e-403c93c5bebd",
        "reserveTokenDecimals": 18,
        "poolTokenAddress": "0xA539BAaa3aCA455c986bB1E25301CEF936CE1B65",
        "poolTokenUuid": "1741b04b-4e9d-54c4-8c46-f17ce246d6ee",
        "poolTokenDecimals": 18
    },
    {
        "name": "Uniswap: EthLend Token",
        "type": "uniswap",
        "reserveTokenAddress": "0x80fB784B7eD66730e8b1DBd9820aFD29931aab03",
        "reserveTokenUuid": "1c77b322-a88c-57cc-b956-78c2bc17c360",
        "reserveTokenDecimals": 18,
        "poolTokenAddress": "0xcaA7e4656f6A2B59f5f99c745F91AB26D1210DCe",
        "poolTokenUuid": "b4692e52-6de2-5210-bc0e-1d4d77c11525",
        "poolTokenDecimals": 18
    },
    {
        "name": "Uniswap: LoomToken",
        "type": "uniswap",
        "reserveTokenAddress": "0xA4e8C3Ec456107eA67d3075bF9e3DF3A75823DB0",
        "reserveTokenUuid": "9f563cf7-f883-5459-845e-5021a2f58629",
        "reserveTokenDecimals": 18,
        "poolTokenAddress": "0x417CB32bc991fBbDCaE230C7c4771CC0D69daA6b",
        "poolTokenUuid": "5468e6f2-c8cc-5e78-8dd1-a7f6751112b5",
        "poolTokenDecimals": 18
    },
    {
        "name": "Uniswap: Livepeer Token",
        "type": "uniswap",
        "reserveTokenAddress": "0x58b6A8A3302369DAEc383334672404Ee733aB239",
        "reserveTokenUuid": "0765f5fa-f31e-5aa9-9122-c20b90d686f3",
        "reserveTokenDecimals": 18,
        "poolTokenAddress": "0xc4a1C45D5546029Fd57128483aE65b56124BFA6A",
        "poolTokenUuid": "e39fd4ae-e817-51a9-a712-b821c93f6a63",
        "poolTokenDecimals": 18
    },
    {
        "name": "Uniswap: Liquidity.Network Token",
        "type": "uniswap",
        "reserveTokenAddress": "0xD29F0b5b3F50b07Fe9a9511F7d86F4f4bAc3f8c4",
        "reserveTokenUuid": "fde4caf7-0e9d-56b7-ace1-975f09349353",
        "reserveTokenDecimals": 18,
        "poolTokenAddress": "0xe3406e7D0155E0a83236eC25D34Cd3D903036669",
        "poolTokenUuid": "03d27066-3dd2-5f4b-abd4-6284d842fbbd",
        "poolTokenDecimals": 18
    },
    {
        "name": "Uniswap: Decentraland MANA",
        "type": "uniswap",
        "reserveTokenAddress": "0x0F5D2fB29fb7d3CFeE444a200298f468908cC942",
        "reserveTokenUuid": "c07fe952-47cc-591a-be8a-2313965b5d00",
        "reserveTokenDecimals": 18,
        "poolTokenAddress": "0xC6581Ce3A005e2801c1e0903281BBd318eC5B5C2",
        "poolTokenUuid": "ed8c1b4d-bc04-54c8-bc28-70da09cc3f88",
        "poolTokenDecimals": 18
    },
    {
        "name": "Uniswap: Matic Token",
        "type": "uniswap",
        "reserveTokenAddress": "0x7D1AfA7B718fb893dB30A3aBc0Cfc608AaCfeBB0",
        "reserveTokenUuid": "25c88136-cf18-59ed-9599-ea1fac2ecdb0",
        "reserveTokenDecimals": 18,
        "poolTokenAddress": "0x9a7A75E66B325a3BD46973B2b57c9b8d9D26a621",
        "poolTokenUuid": "b456c951-f251-5494-886e-91c9f3461c71",
        "poolTokenDecimals": 18
    },
    {
        "name": "Uniswap: Marblecoin",
        "type": "uniswap",
        "reserveTokenAddress": "0x8888889213DD4dA823EbDD1e235b09590633C150",
        "reserveTokenUuid": "8e194419-13c6-5fc6-8a90-75a65e8c79f2",
        "reserveTokenDecimals": 18,
        "poolTokenAddress": "0xE1b7AeC3639068b474bFbcB916580fc28A20717B",
        "poolTokenUuid": "7561fc7f-621e-5666-b423-5ad4b383c95a",
        "poolTokenDecimals": 18
    },
    {
        "name": "Uniswap: Magnolia Token",
        "type": "uniswap",
        "reserveTokenAddress": "0x80f222a749a2e18Eb7f676D371F19ad7EFEEe3b7",
        "reserveTokenUuid": "7c51ee31-501e-5e54-9f93-9180ba37fef1",
        "reserveTokenDecimals": 18,
        "poolTokenAddress": "0xdd80Ca8062c7Ef90FcA2547E6a2A126C596e611F",
        "poolTokenUuid": "8b89272d-341b-5dd9-ae49-a5f456134199",
        "poolTokenDecimals": 18
    },
    {
        "name": "Uniswap: Maker",
        "type": "uniswap",
        "reserveTokenAddress": "0x9f8F72aA9304c8B593d555F12eF6589cC3A579A2",
        "reserveTokenUuid": "d3230312-cacb-52e6-a849-8bbf6e8142dd",
        "reserveTokenDecimals": 18,
        "poolTokenAddress": "0x2C4Bd064b998838076fa341A83d007FC2FA50957",
        "poolTokenUuid": "44fabad2-d9da-50b3-b46b-e37466fd9751",
        "poolTokenDecimals": 18
    },
    {
        "name": "Uniswap: Melon Token",
        "type": "uniswap",
        "reserveTokenAddress": "0xec67005c4E498Ec7f55E092bd1d35cbC47C91892",
        "reserveTokenUuid": "9fad8ea0-256e-55e7-9129-851b89c9caaa",
        "reserveTokenDecimals": 18,
        "poolTokenAddress": "0xA931F4eB165AC307fD7431b5EC6eADde53E14b0C",
        "poolTokenUuid": "dcb18292-ea7d-5c54-b3fe-2c996f07e2c6",
        "poolTokenDecimals": 18
    },
    {
        "name": "Uniswap: Modum Token",
        "type": "uniswap",
        "reserveTokenAddress": "0x957c30aB0426e0C93CD8241E2c60392d08c6aC8e",
        "reserveTokenUuid": "82fedc10-0c85-5cd9-a182-0f854b44c81f",
        "reserveTokenDecimals": 0,
        "poolTokenAddress": "0xCCB98654CD486216fFF273dd025246588E77cFC1",
        "poolTokenUuid": "83ee102e-0b80-53bf-998e-7f4a7f77e481",
        "poolTokenDecimals": 18
    },
    {
        "name": "Uniswap: Nexo",
        "type": "uniswap",
        "reserveTokenAddress": "0xB62132e35a6c13ee1EE0f84dC5d40bad8d815206",
        "reserveTokenUuid": "c284a039-7fb7-5ff8-9d76-22e1321b92f6",
        "reserveTokenDecimals": 18,
        "poolTokenAddress": "0x069C97DBA948175D10af4b2414969e0B88d44669",
        "poolTokenUuid": "8fca9c14-a87a-5ba8-a368-9029a0975f03",
        "poolTokenDecimals": 18
    },
    {
        "name": "Uniswap: Numeraire",
        "type": "uniswap",
        "reserveTokenAddress": "0x1776e1F26f98b1A5dF9cD347953a26dd3Cb46671",
        "reserveTokenUuid": "f1ca8ca6-307f-5f04-bccb-5a2144551695",
        "reserveTokenDecimals": 18,
        "poolTokenAddress": "0x2Bf5A5bA29E60682fC56B2Fcf9cE07Bef4F6196f",
        "poolTokenUuid": "ad0efbaa-bd94-5427-baff-c83b5e8319a2",
        "poolTokenDecimals": 18
    },
    {
        "name": "Uniswap: Orchid",
        "type": "uniswap",
        "reserveTokenAddress": "0x4575f41308EC1483f3d399aa9a2826d74Da13Deb",
        "reserveTokenUuid": "2c650f69-9793-53c6-a48c-2003b6e4b095",
        "reserveTokenDecimals": 18,
        "poolTokenAddress": "0xe9a5bbe41dc63D555E06746b047d624E3343EA52",
        "poolTokenUuid": "ce337576-e033-5be4-86ee-bd7ed750ddff",
        "poolTokenDecimals": 18
    },
    {
        "name": "Uniswap: Panvala pan",
        "type": "uniswap",
        "reserveTokenAddress": "0xD56daC73A4d6766464b38ec6D91eB45Ce7457c44",
        "reserveTokenUuid": "8e0bdec8-02cd-523a-9e73-cb5ee27ae34a",
        "reserveTokenDecimals": 18,
        "poolTokenAddress": "0xF53bBFBff01c50F2D42D542b09637DcA97935fF7",
        "poolTokenUuid": "f3815391-fc39-5a35-8c38-a07edca3faca",
        "poolTokenDecimals": 18
    },
    {
        "name": "Uniswap: PAX",
        "type": "uniswap",
        "reserveTokenAddress": "0x8E870D67F660D95d5be530380D0eC0bd388289E1",
        "reserveTokenUuid": "c90311b2-90b2-5bf4-8d93-e06bd7cfb666",
        "reserveTokenDecimals": 18,
        "poolTokenAddress": "0xC040d51b07Aea5d94a89Bc21E8078B77366Fc6C7",
        "poolTokenUuid": "5b6de87e-32af-51db-af21-d4a31b2fa6e2",
        "poolTokenDecimals": 18
    },
    {
        "name": "Uniswap: Pinakion",
        "type": "uniswap",
        "reserveTokenAddress": "0x93ED3FBe21207Ec2E8f2d3c3de6e058Cb73Bc04d",
        "reserveTokenUuid": "6f3dc51e-1769-5b6d-beb1-63f24d977ac7",
        "reserveTokenDecimals": 18,
        "poolTokenAddress": "0xF506828B166de88cA2EDb2A98D960aBba0D2402A",
        "poolTokenUuid": "ade64d83-fd92-58ab-80ab-df336d4b290f",
        "poolTokenDecimals": 18
    },
    {
        "name": "Uniswap: POA ERC20 on Foundation",
        "type": "uniswap",
        "reserveTokenAddress": "0x6758B7d441a9739b98552B373703d8d3d14f9e62",
        "reserveTokenUuid": "f79e8a82-76b3-5d5c-a3ee-be6fb8c5cc8a",
        "reserveTokenDecimals": 18,
        "poolTokenAddress": "0xA2E6B3EF205FeAEe475937c4883b24E6eB717eeF",
        "poolTokenUuid": "f32b90a6-4325-5c19-9652-86472a0afc7c",
        "poolTokenDecimals": 18
    },
    {
        "name": "Uniswap: QChi",
        "type": "uniswap",
        "reserveTokenAddress": "0x687BfC3E73f6af55F0CccA8450114D107E781a0e",
        "reserveTokenUuid": "192cb8d5-e5ae-5635-9eea-80b079969e90",
        "reserveTokenDecimals": 18,
        "poolTokenAddress": "0x755899F0540c3548b99E68C59AdB0f15d2695188",
        "poolTokenUuid": "f7a4cf7a-6d6c-5ab5-b42a-ff173ee8a5d7",
        "poolTokenDecimals": 18
    },
    {
        "name": "Uniswap: Quantstamp Token",
        "type": "uniswap",
        "reserveTokenAddress": "0x99ea4dB9EE77ACD40B119BD1dC4E33e1C070b80d",
        "reserveTokenUuid": "30497635-d6da-53e1-be28-7e291e458c4f",
        "reserveTokenDecimals": 18,
        "poolTokenAddress": "0x82Db9FC4956Fa40efe1e35d881004612B5CB2cc2",
        "poolTokenUuid": "718113cb-d087-528e-8092-7538dfacb9fe",
        "poolTokenDecimals": 18
    },
    {
        "name": "Uniswap: Ripio Credit Network Token",
        "type": "uniswap",
        "reserveTokenAddress": "0xF970b8E36e23F7fC3FD752EeA86f8Be8D83375A6",
        "reserveTokenUuid": "4451da87-f76d-5e89-b88b-e27230b069a0",
        "reserveTokenDecimals": 18,
        "poolTokenAddress": "0xD91FF16Ef92568fC27F466C3c5613e43313Ab1dc",
        "poolTokenUuid": "2220121c-1a7f-5342-abe8-5ed5b32f83ab",
        "poolTokenDecimals": 18
    },
    {
        "name": "Uniswap: Raiden Token",
        "type": "uniswap",
        "reserveTokenAddress": "0x255Aa6DF07540Cb5d3d297f0D0D4D84cb52bc8e6",
        "reserveTokenUuid": "581d9bc9-0697-5610-9821-eecac607c063",
        "reserveTokenDecimals": 18,
        "poolTokenAddress": "0x7D03CeCb36820b4666F45E1b4cA2538724Db271C",
        "poolTokenUuid": "f05be60f-c80f-5603-bedb-6d0a18d558c9",
        "poolTokenDecimals": 18
    },
    {
        "name": "Uniswap: Republic Token",
        "type": "uniswap",
        "reserveTokenAddress": "0x408e41876cCCDC0F92210600ef50372656052a38",
        "reserveTokenUuid": "45cc0791-d3e8-548b-b93f-56141e00f45e",
        "reserveTokenDecimals": 18,
        "poolTokenAddress": "0x43892992B0b102459E895B88601Bb2C76736942c",
        "poolTokenUuid": "73026704-b476-5cd9-ba73-49d6646ecf9e",
        "poolTokenDecimals": 18
    },
    {
        "name": "Uniswap: Reputation",
        "type": "uniswap",
        "reserveTokenAddress": "0x1985365e9f78359a9B6AD760e32412f4a445E862",
        "reserveTokenUuid": "d017a1e8-bdd3-5c32-8866-da258f75b0e9",
        "reserveTokenDecimals": 18,
        "poolTokenAddress": "0x48B04d2A05B6B604d8d5223Fd1984f191DED51af",
        "poolTokenUuid": "79a2ad75-3ead-5f2f-8e77-9801b81180a4",
        "poolTokenDecimals": 18
    },
    {
        "name": "Uniswap: Darwinia Network Native Token",
        "type": "uniswap",
        "reserveTokenAddress": "0x9469D013805bFfB7D3DEBe5E7839237e535ec483",
        "reserveTokenUuid": "24ef4e81-4825-5e82-98b1-933904c954d4",
        "reserveTokenDecimals": 18,
        "poolTokenAddress": "0xeBD8AA50b26bFa63007d61eBa777A9DdE7e43c64",
        "poolTokenUuid": "7b299a00-1792-5201-a68f-5806ddf9bc13",
        "poolTokenDecimals": 18
    },
    {
        "name": "Uniswap: iEx.ec Network Token",
        "type": "uniswap",
        "reserveTokenAddress": "0x607F4C5BB672230e8672085532f7e901544a7375",
        "reserveTokenUuid": "070ce3cb-5a08-5c45-9f64-8fe1bea6e852",
        "reserveTokenDecimals": 9,
        "poolTokenAddress": "0xA825CAE02B310E9901b4776806CE25db520c8642",
        "poolTokenUuid": "4dd376ed-f4af-56ea-86d9-c92454f024d6",
        "poolTokenDecimals": 18
    },
    {
        "name": "Uniswap: Rocket Pool",
        "type": "uniswap",
        "reserveTokenAddress": "0xB4EFd85c19999D84251304bDA99E90B92300Bd93",
        "reserveTokenUuid": "4ea90082-23fe-55e5-8b4a-a23cda228e65",
        "reserveTokenDecimals": 18,
        "poolTokenAddress": "0x3Fb2F18065926DdB33E7571475c509541d15dA0e",
        "poolTokenUuid": "eaa1f49e-1e96-5344-b89b-ecb87f6b2d9d",
        "poolTokenDecimals": 18
    },
    {
        "name": "Uniswap: Salt",
        "type": "uniswap",
        "reserveTokenAddress": "0x4156D3342D5c385a87D264F90653733592000581",
        "reserveTokenUuid": "2fdbfe5d-5e3a-5fe0-bcaa-42810867d1e6",
        "reserveTokenDecimals": 8,
        "poolTokenAddress": "0xC0C59cDe851bfcbdddD3377EC10ea54A18Efb937",
        "poolTokenUuid": "0cfef5bc-7370-5a17-b45e-d08037c856e0",
        "poolTokenDecimals": 18
    },
    {
        "name": "Uniswap: SANtiment network token",
        "type": "uniswap",
        "reserveTokenAddress": "0x7C5A0CE9267ED19B22F8cae653F198e3E8daf098",
        "reserveTokenUuid": "5fd16095-c778-5073-9fc9-b1d7cb61d5aa",
        "reserveTokenDecimals": 18,
        "poolTokenAddress": "0x8a8D7aD4b89D91983cd069C58C4AA9F2f4166298",
        "poolTokenUuid": "227adde0-9df8-55e5-8445-10c23fd595d6",
        "poolTokenDecimals": 18
    },
    {
        "name": "Uniswap: Synth sETH",
        "type": "uniswap",
        "reserveTokenAddress": "0x5e74C9036fb86BD7eCdcb084a0673EFc32eA31cb",
        "reserveTokenUuid": "19c48978-796d-55c6-a0e2-9999d1592728",
        "reserveTokenDecimals": 18,
        "poolTokenAddress": "0xe9Cf7887b93150D4F2Da7dFc6D502B216438F244",
        "poolTokenUuid": "ca27272a-891e-577d-ae75-f8efe4d55231",
        "poolTokenDecimals": 18
    },
    {
        "name": "Uniswap: Shuffle.Monster V3",
        "type": "uniswap",
        "reserveTokenAddress": "0x3A9FfF453d50D4Ac52A6890647b823379ba36B9E",
        "reserveTokenUuid": "4451ce86-8299-5e38-8495-e24225c28e59",
        "reserveTokenDecimals": 18,
        "poolTokenAddress": "0x536956Fab86774fb55CfaAcF496BC25E4d2B435C",
        "poolTokenUuid": "0039e50a-bab5-52fc-a48f-43f36410a87a",
        "poolTokenDecimals": 18
    },
    {
        "name": "Uniswap: Status Network Token",
        "type": "uniswap",
        "reserveTokenAddress": "0x744d70FDBE2Ba4CF95131626614a1763DF805B9E",
        "reserveTokenUuid": "51c80f7c-3a5f-5f21-9347-16380856e145",
        "reserveTokenDecimals": 18,
        "poolTokenAddress": "0x1aEC8F11A7E78dC22477e91Ed924Fab46e3A88Fd",
        "poolTokenUuid": "26f97811-015b-50f9-be86-de591b8ff31c",
        "poolTokenDecimals": 18
    },
    {
        "name": "Uniswap: Synthetix Network Token",
        "type": "uniswap",
        "reserveTokenAddress": "0xC011a73ee8576Fb46F5E1c5751cA3B9Fe0af2a6F",
        "reserveTokenUuid": "2db84be6-32ae-50e3-81b8-59694bef84a1",
        "reserveTokenDecimals": 18,
        "poolTokenAddress": "0x3958B4eC427F8fa24eB60F42821760e88d485f7F",
        "poolTokenUuid": "8e55d260-a85d-53c8-aa34-61a8cfc078df",
        "poolTokenDecimals": 18
    },
    {
        "name": "Uniswap: Unisocks Edition 0",
        "type": "uniswap",
        "reserveTokenAddress": "0x23B608675a2B2fB1890d3ABBd85c5775c51691d5",
        "reserveTokenUuid": "84d3b878-2f62-51c3-bc50-432d62629cd7",
        "reserveTokenDecimals": 18,
        "poolTokenAddress": "0x22d8432cc7aA4f8712a655fC4cdfB1baEC29FCA9",
        "poolTokenUuid": "eaac5c67-473f-5154-98ca-c431340dc52c",
        "poolTokenDecimals": 18
    },
    {
        "name": "Uniswap: SPANK",
        "type": "uniswap",
        "reserveTokenAddress": "0x42d6622deCe394b54999Fbd73D108123806f6a18",
        "reserveTokenUuid": "b142d2c4-16f3-5b29-b260-1144d4895283",
        "reserveTokenDecimals": 18,
        "poolTokenAddress": "0x4e395304655F0796bc3bc63709DB72173b9DdF98",
        "poolTokenUuid": "7c4ff905-8d4d-5832-898e-ac7d0965aaf6",
        "poolTokenDecimals": 18
    },
    {
        "name": "Uniswap: StorjToken",
        "type": "uniswap",
        "reserveTokenAddress": "0xB64ef51C888972c908CFacf59B47C1AfBC0Ab8aC",
        "reserveTokenUuid": "6c67c161-9c44-5ba7-85ec-7d91ac2c5e80",
        "reserveTokenDecimals": 8,
        "poolTokenAddress": "0xA7298541E52f96d42382eCBe4f242cBcBC534d02",
        "poolTokenUuid": "2e5729f2-d6cb-5e38-9c65-e96a9c5cca07",
        "poolTokenDecimals": 18
    },
    {
        "name": "Uniswap: Synth sUSD",
        "type": "uniswap",
        "reserveTokenAddress": "0x57Ab1ec28D129707052df4dF418D58a2D46d5f51",
        "reserveTokenUuid": "d0f5269a-78c6-5734-a6a7-0c9b46107582",
        "reserveTokenDecimals": 18,
        "poolTokenAddress": "0xB944d13b2f4047fc7bd3F7013bcf01b115fb260d",
        "poolTokenUuid": "f9086e7d-c815-58ca-8acf-30a2f2e65f08",
        "poolTokenDecimals": 18
    },
    {
        "name": "Uniswap: TrueAUD",
        "type": "uniswap",
        "reserveTokenAddress": "0x00006100F7090010005F1bd7aE6122c3C2CF0090",
        "reserveTokenUuid": "fa0c62a2-87a7-5da0-b0b2-9cc356992428",
        "reserveTokenDecimals": 18,
        "poolTokenAddress": "0x88dF13889E20EFa93Ff9a0C08f101F431bD9DDD7",
        "poolTokenUuid": "f3df8c39-1633-558d-8a17-02f93a1b466b",
        "poolTokenDecimals": 18
    },
    {
        "name": "Uniswap: TrueCAD",
        "type": "uniswap",
        "reserveTokenAddress": "0x00000100F2A2bd000715001920eB70D229700085",
        "reserveTokenUuid": "8adc03e6-032d-5f36-b521-4da4c863493b",
        "reserveTokenDecimals": 18,
        "poolTokenAddress": "0xF996D7d9BaCb9217ca64BBce1b1cD72E0E886Be6",
        "poolTokenUuid": "ebad2b96-e8ff-5a3c-b68d-5ef21963d402",
        "poolTokenDecimals": 18
    },
    {
        "name": "Uniswap: TrueGBP",
        "type": "uniswap",
        "reserveTokenAddress": "0x00000000441378008EA67F4284A57932B1c000a5",
        "reserveTokenUuid": "55d07f92-9563-504b-86bc-883160078712",
        "reserveTokenDecimals": 18,
        "poolTokenAddress": "0x6bFa119a191576Ba26Bc5e711432aCA0cFda04DE",
        "poolTokenUuid": "5faceaf1-e3f7-57b7-80f6-eeab68e09c6d",
        "poolTokenDecimals": 18
    },
    {
        "name": "Uniswap: TrueHKD",
        "type": "uniswap",
        "reserveTokenAddress": "0x0000852600CEB001E08e00bC008be620d60031F2",
        "reserveTokenUuid": "528c37bf-1b7f-5740-a958-9cb445e66582",
        "reserveTokenDecimals": 18,
        "poolTokenAddress": "0x505C02B4aa1286375FBDF0c390AC0fe9209DCB05",
        "poolTokenUuid": "40aa5b7d-6a6e-548d-acff-82f3e0b29ab1",
        "poolTokenDecimals": 18
    },
    {
        "name": "Uniswap: Monolith TKN",
        "type": "uniswap",
        "reserveTokenAddress": "0xaAAf91D9b90dF800Df4F55c205fd6989c977E73a",
        "reserveTokenUuid": "b624cbe8-d9a2-53fa-84ba-00589010c840",
        "reserveTokenDecimals": 8,
        "poolTokenAddress": "0xb6cFBf322db47D39331E306005DC7E5e6549942B",
        "poolTokenUuid": "7261743f-a97f-5bf8-b8c2-b4234ea91fe6",
        "poolTokenDecimals": 18
    },
    {
        "name": "Uniswap: Trustcoin",
        "type": "uniswap",
        "reserveTokenAddress": "0xCb94be6f13A1182E4A4B6140cb7bf2025d28e41B",
        "reserveTokenUuid": "0b866a3b-5816-554f-b84f-46dd66334d13",
        "reserveTokenDecimals": 6,
        "poolTokenAddress": "0x95E4649F5209dD292cAF1F087b8F1Db3bE24927f",
        "poolTokenUuid": "990c2a73-781c-5412-ae55-702b23c6f5fd",
        "poolTokenDecimals": 18
    },
    {
        "name": "Uniswap: BiLira",
        "type": "uniswap",
        "reserveTokenAddress": "0x2C537E5624e4af88A7ae4060C022609376C8D0EB",
        "reserveTokenUuid": "59f607ad-787d-5373-ad4e-4b6fd5a99603",
        "reserveTokenDecimals": 6,
        "poolTokenAddress": "0x122327Fd43B2C66DD9e4B6c91c8f071E217558eF",
        "poolTokenUuid": "e0c874b0-ecb5-5ebb-979a-8cf26a7c007f",
        "poolTokenDecimals": 18
    },
    {
        "name": "Uniswap: TrueUSD",
        "type": "uniswap",
        "reserveTokenAddress": "0x0000000000085d4780B73119b644AE5ecd22b376",
        "reserveTokenUuid": "685f1c7f-2d31-56c2-ae80-9cd433aeb0e1",
        "reserveTokenDecimals": 18,
        "poolTokenAddress": "0x5048b9d01097498Fd72F3F14bC9Bc74A5aAc8fA7",
        "poolTokenUuid": "1d94084b-5140-55b3-86b2-456291d1aab3",
        "poolTokenDecimals": 18
    },
    {
        "name": "Uniswap: Uniswap V1",
        "type": "uniswap",
        "reserveTokenAddress": "0x09cabEC1eAd1c0Ba254B09efb3EE13841712bE14",
        "reserveTokenUuid": "459a37b4-ad23-5c2b-8030-031eeff78453",
        "reserveTokenDecimals": 18,
        "poolTokenAddress": "0x601c32E0580D3aef9437dB52D09f5a5D7E60eC22",
        "poolTokenUuid": "dfe672db-4da0-573b-91c3-5a2e2b35d041",
        "poolTokenDecimals": 18
    },
    {
        "name": "Uniswap: USDC",
        "type": "uniswap",
        "reserveTokenAddress": "0xA0b86991c6218b36c1d19D4a2e9Eb0cE3606eB48",
        "reserveTokenUuid": "2ed3ebcd-2d4f-52f7-b12b-54360ed49b55",
        "reserveTokenDecimals": 6,
        "poolTokenAddress": "0x97deC872013f6B5fB443861090ad931542878126",
        "poolTokenUuid": "6a8057fe-cb66-5195-8f0b-51677d820090",
        "poolTokenDecimals": 18
    },
    {
        "name": "Uniswap: StableUSD",
        "type": "uniswap",
        "reserveTokenAddress": "0xA4Bdb11dc0a2bEC88d24A3aa1E6Bb17201112eBe",
        "reserveTokenUuid": "36e67cee-e26f-51cb-8d63-a7b169fe9848",
        "reserveTokenDecimals": 6,
        "poolTokenAddress": "0x7Ef7191AB91dDB4D7cC347fbFA170355acbaf02D",
        "poolTokenUuid": "ff235e5f-d628-5b00-b44a-1cc67cd72d37",
        "poolTokenDecimals": 18
    },
    {
        "name": "Uniswap: Veritaseum",
        "type": "uniswap",
        "reserveTokenAddress": "0x8f3470A7388c05eE4e7AF3d01D8C722b0FF52374",
        "reserveTokenUuid": "d10e624d-9e4b-5af6-b4de-5f31784e1538",
        "reserveTokenDecimals": 18,
        "poolTokenAddress": "0x17e5BF07D696eaf0d14caA4B44ff8A1E17B34de3",
        "poolTokenUuid": "f140f96e-5aa7-548a-b47a-087469194da1",
        "poolTokenDecimals": 18
    },
    {
        "name": "Uniswap: Wrapped BTC",
        "type": "uniswap",
        "reserveTokenAddress": "0x2260FAC5E5542a773Aa44fBCfeDf7C193bc2C599",
        "reserveTokenUuid": "0486cb78-9392-5ff0-a790-03843d79b073",
        "reserveTokenDecimals": 8,
        "poolTokenAddress": "0x4d2f5cFbA55AE412221182D8475bC85799A5644b",
        "poolTokenUuid": "43b7e3fb-86ea-595e-b3df-cda91181881d",
        "poolTokenDecimals": 18
    },
    {
        "name": "Uniswap: Wrapped CryptoKitties",
        "type": "uniswap",
        "reserveTokenAddress": "0x09fE5f0236F0Ea5D930197DCE254d77B04128075",
        "reserveTokenUuid": "d50f5ec4-0f85-586f-88bc-f26335ac20ec",
        "reserveTokenDecimals": 18,
        "poolTokenAddress": "0x4FF7Fa493559c40aBd6D157a0bfC35Df68d8D0aC",
        "poolTokenUuid": "89167425-3f05-504e-88c6-2006273fcf7a",
        "poolTokenDecimals": 18
    },
    {
        "name": "Uniswap: Wrapped Ether",
        "type": "uniswap",
        "reserveTokenAddress": "0xC02aaA39b223FE8D0A0e5C4F27eAD9083C756Cc2",
        "reserveTokenUuid": "7e6f798a-2e6a-5b4c-b7e4-ef6a12cc4d5a",
        "reserveTokenDecimals": 18,
        "poolTokenAddress": "0xA2881A90Bf33F03E7a3f803765Cd2ED5c8928dFb",
        "poolTokenUuid": "2d616333-8e53-5703-9a82-f992263a671c",
        "poolTokenDecimals": 18
    },
    {
        "name": "Uniswap: CryptoFranc",
        "type": "uniswap",
        "reserveTokenAddress": "0xB4272071eCAdd69d933AdcD19cA99fe80664fc08",
        "reserveTokenUuid": "07d14656-bb5a-5b83-a240-ad61892df119",
        "reserveTokenDecimals": 18,
        "poolTokenAddress": "0x8dE0d002DC83478f479dC31F76cB0a8aa7CcEa17",
        "poolTokenUuid": "6de1cff6-671e-58de-966f-8f8d2fd711fd",
        "poolTokenDecimals": 18
    },
    {
        "name": "Uniswap: XIO Network",
        "type": "uniswap",
        "reserveTokenAddress": "0x0f7F961648aE6Db43C75663aC7E5414Eb79b5704",
        "reserveTokenUuid": "647c9d70-c139-5d24-850b-a3e313c689fb",
        "reserveTokenDecimals": 18,
        "poolTokenAddress": "0x7B6E5278a14d5318571d65aceD036d09c998C707",
        "poolTokenUuid": "a020c62d-151f-53f8-9cd2-14b0aafc1a06",
        "poolTokenDecimals": 18
    },
    {
        "name": "Uniswap: 0x Protocol Token",
        "type": "uniswap",
        "reserveTokenAddress": "0xE41d2489571d322189246DaFA5ebDe1F4699F498",
        "reserveTokenUuid": "36a94c95-ec51-5e0f-b254-415e31d1c3a7",
        "reserveTokenDecimals": 18,
        "poolTokenAddress": "0xaE76c84C9262Cdb9abc0C2c8888e62Db8E22A0bF",
        "poolTokenUuid": "2a564380-964a-5f5a-8ca8-17d5d37d4b2c",
        "poolTokenDecimals": 18
    },
    {
        "name": "Compound: Augur",
        "type": "compound",
        "updateInterval": 60,
        "reserveTokenAddress": "0x1985365e9f78359a9B6AD760e32412f4a445E862",
        "reserveTokenUuid": "d017a1e8-bdd3-5c32-8866-da258f75b0e9",
        "reserveTokenDecimals": 18,
        "poolTokenAddress": "0x158079Ee67Fce2f58472A96584A73C7Ab9AC95c1",
        "poolTokenUuid": "7749b621-c2e8-553b-83c7-f73d86a38eb7",
        "poolTokenDecimals": 8
    },
    {
        "name": "Compound: USDCoin",
        "type": "compound",
        "updateInterval": 60,
        "reserveTokenAddress": "0xA0b86991c6218b36c1d19D4a2e9Eb0cE3606eB48",
        "reserveTokenUuid": "2ed3ebcd-2d4f-52f7-b12b-54360ed49b55",
        "reserveTokenDecimals": 6,
        "poolTokenAddress": "0x39AA39c021dfbaE8faC545936693aC917d5E7563",
        "poolTokenUuid": "282fd2da-f437-5f53-a167-ca7f7e91c57f",
        "poolTokenDecimals": 8
    },
    {
        "name": "Compound: Ether",
        "type": "compound",
        "updateInterval": 60,
        "reserveTokenAddress": "",
        "reserveTokenUuid": "356a192b-7913-504c-9457-4d18c28d46e6",
        "reserveTokenDecimals": 0,
        "poolTokenAddress": "0x4Ddc2D193948926D02f9B1fE9e1daa0718270ED5",
        "poolTokenUuid": "4f96a9e6-bf30-54d0-90c0-3d6e7d7042f2",
        "poolTokenDecimals": 8
    },
    {
        "name": "Compound: Basic Attention Token",
        "type": "compound",
        "updateInterval": 60,
        "reserveTokenAddress": "0x0D8775F648430679A709E98d2b0Cb6250d2887EF",
        "reserveTokenUuid":"e34bb9ff-47be-503b-956b-30d4b3f3507b",
        "reserveTokenDecimals": 18,
        "poolTokenAddress": "0x6C8c6b02E7b2BE14d4fA6022Dfd6d75921D90E4E",
        "poolTokenUuid": "4a21c8bc-3df3-5d61-b9c4-c6c2f2296914",
        "poolTokenDecimals": 8
    },
    {
        "name": "Compound: 0x Token",
        "type": "compound",
        "updateInterval": 60,
        "reserveTokenAddress": "0xE41d2489571d322189246DaFA5ebDe1F4699F498BA",
        "reserveTokenUuid": "36a94c95-ec51-5e0f-b254-415e31d1c3a7",
        "reserveTokenDecimals": 18,
        "poolTokenAddress": "0xB3319f5D18Bc0D84dD1b4825Dcde5d5f7266d407",
        "poolTokenUuid": "e35a1b81-b775-5b8b-9744-ef997b4f677c",
        "poolTokenDecimals": 8
    },
    {
        "name": "Compound: Dai Token",
        "type": "compound",
        "updateInterval": 60,
        "reserveTokenAddress": "0x6B175474E89094C44Da98b954EedeAC495271d0F",
        "reserveTokenUuid": "e1f698bf-cb85-5405-b563-14774af14bf1",
        "reserveTokenDecimals": 18,
        "poolTokenAddress": "0x5d3a536E4D6DbD6114cc1Ead35777bAB948E3643",
        "poolTokenUuid": "350c0d6f-a0eb-504e-9a8c-43a4d5966fc3",
        "poolTokenDecimals": 8
    }
]